instance,formulation,lower_bound,upper_bound,time,variables,constaints
j6040_4,discrete,87.0,87.0,4.57,17753,1026
j6040_4,continuous,87.0,87.0,0.09,3887,7024
j603_10,discrete,67.0,67.0,1.94,17908,1068
j603_10,continuous,67.0,67.0,7.56,5195,9251
j6042_7,discrete,55.0,55.0,2.81,14101,886
j6042_7,continuous,55.0,63.0,600.02,4117,7428
j6043_9,discrete,70.0,70.0,3.92,15439,930
j6043_9,continuous,70.00000000000013,70.00000000000013,6.43,3993,7211
j601_3,discrete,67.0,67.0,1.34,16701,936
j601_3,continuous,67.0,67.0,12.55,5389,9538
j6027_10,discrete,57.0,57.0,3.67,17704,1095
j6027_10,continuous,-inf,inf,1118.37,4989,8935
j6040_1,discrete,86.0,86.0,4.01,19604,1186
j6040_1,continuous,73.0,73.0,0.09,3937,7113
j6040_1,discrete,86.0,86.0,4.01,19604,1186
j6040_1,continuous,86.0,86.0,0.08,3593,6511
j6016_5,discrete,66.0,66.0,2.6,17892,1048
j6016_5,continuous,66.0,66.0,0.13,5349,9546
j6027_2,discrete,74.0,74.0,2.77,14132,807
j6027_2,continuous,-inf,inf,1051.48,4265,7668
j6043_7,discrete,89.0,89.0,4.71,15639,902
j6043_7,continuous,89.0,89.0,4.16,3669,6644
j6020_10,discrete,70.0,70.0,1.79,17578,1019
j6020_10,continuous,70.0,70.0,0.11,4619,8286
j6036_3,discrete,81.0,81.0,2.07,16500,962
j6036_3,continuous,81.0,81.0,0.08,3937,7104
j6034_5,discrete,80.0,80.0,2.27,16634,978
j6034_5,continuous,80.0,80.0,24.01,3765,6776
j6043_8,discrete,69.0,69.0,4.07,18174,1074
j6043_8,continuous,69.0,69.0,1.44,4273,7701
j6019_4,discrete,67.0,67.0,1.92,16830,987
j6019_4,continuous,67.0,67.0,1.52,4925,8820
j6035_10,discrete,70.0,70.0,1.88,17058,1042
j6035_10,continuous,71.0,71.0,1.32,3893,7027
j6022_5,discrete,76.0,76.0,2.58,15846,923
j6022_5,continuous,76.0,76.0,9.41,4817,8628
j6033_9,discrete,102.0,102.0,2.24,17708,902
j6033_9,continuous,102.0,102.0,1.91,3759,6695
j603_7,discrete,58.0,58.0,1.38,17204,1000
j603_7,continuous,58.0,58.0,1.26,5715,10173
j6013_3,discrete,57.0,57.0,2.65,18198,1088
j6013_3,continuous,57.0,107.0,600.01,5601,9987
j6031_4,discrete,68.0,68.0,4.08,16612,967
j6031_4,continuous,68.0,269.0,1091.18,4741,8501
j6023_9,discrete,64.0,64.0,1.95,16042,971
j6023_9,continuous,64.0,64.0,2.87,4725,8473
j6036_7,discrete,71.0,71.0,1.9,17426,1054
j6036_7,continuous,71.0,71.0,0.08,4109,7402
j6035_9,discrete,73.0,73.0,2.35,16891,1026
j6035_9,continuous,73.0,73.0,1.41,3607,6525
j6032_2,discrete,114.0,114.0,4.25,17116,831
j6032_2,continuous,114.0,114.0,0.11,4469,8025
j6039_10,discrete,74.0,74.0,2.5,16352,966
j6039_10,continuous,74.0,74.0,1.75,4049,7309
j601_9,discrete,75.0,75.0,1.42,17916,928
j601_9,continuous,75.0,75.0,10.42,5167,9088
j6027_9,discrete,76.0,76.0,2.9,16594,931
j6027_9,continuous,76.0,76.0,1.51,4669,8375
j6029_10,discrete,70.0,70.0,3.36,18864,1091
j6029_10,continuous,-inf,inf,981.33,4901,8724
j6021_6,discrete,63.0,63.0,2.51,16569,983
j6021_6,continuous,64.0,71.0,1509.99,4397,7668
j6044_7,discrete,76.0,76.0,4.32,15738,930
j6044_7,continuous,76.0,76.0,0.12,3873,7001
j6015_8,discrete,79.0,79.0,3.09,19399,1124
j6015_8,continuous,79.0,79.0,3.82,5377,9595
j603_3,discrete,102.0,102.0,1.76,18662,924
j603_3,continuous,102.0,102.0,0.99,5357,9548
j6012_10,discrete,79.0,79.0,3.79,18106,1020
j6012_10,continuous,79.0,79.0,0.14,5161,9217
j6017_2,discrete,67.0,67.0,1.57,16335,955
j6017_2,continuous,67.0,67.0,3.76,4555,8030
j6034_6,discrete,77.0,77.0,2.4,18693,1106
j6034_6,continuous,78.0,78.0,8.66,3939,7076
j6033_2,discrete,100.0,100.0,2.15,18281,962
j6033_2,continuous,100.0,100.0,1.56,3829,6798
j6034_10,discrete,92.0,92.0,2.59,18984,1126
j6034_10,continuous,92.0,92.0,1.67,3771,6794
j6016_10,discrete,68.0,68.0,2.92,19113,1096
j6016_10,continuous,68.0,68.0,0.14,5389,9616
j6028_1,discrete,92.0,92.0,5.27,18268,1047
j6028_1,continuous,92.0,92.0,0.11,4221,7591
j6028_1,discrete,92.0,92.0,5.27,18268,1047
j6028_1,continuous,74.0,74.0,0.11,4869,8725
j6011_1,discrete,71.0,71.0,2.66,19499,1120
j6011_1,continuous,58.0,58.0,5.32,5645,10064
j6011_1,discrete,71.0,71.0,2.66,19499,1120
j6011_1,continuous,71.0,71.0,12.12,5469,9756
j6024_8,discrete,81.0,81.0,3.48,18192,1027
j6024_8,continuous,81.0,81.0,0.09,4585,8228
j6039_8,discrete,77.0,77.0,2.37,16180,974
j6039_8,continuous,77.0,77.0,1.94,4205,7582
j6039_4,discrete,92.0,92.0,2.31,17084,958
j6039_4,continuous,92.0,92.0,2.66,3813,6896
j6011_4,discrete,69.0,69.0,3.3,17327,1012
j6011_4,continuous,69.0,69.0,15.68,5181,9252
j6032_5,discrete,77.0,77.0,2.81,17628,1023
j6032_5,continuous,77.0,77.0,0.12,4417,7934
j6021_5,discrete,75.0,75.0,2.88,17131,983
j6021_5,continuous,75.0,82.0,600.0,4475,7905
j6015_4,discrete,75.0,75.0,3.26,20035,1172
j6015_4,continuous,75.0,75.0,3.07,5241,9357
j6022_9,discrete,65.0,65.0,3.92,19874,1195
j6022_9,continuous,65.0,65.0,8.65,4981,8921
j6041_3,discrete,58.0,58.0,3.6,16389,1038
j6041_3,continuous,61.0,105.0,1244.06,4031,7174
j6013_1,discrete,69.0,69.0,3.24,18367,1068
j6013_1,continuous,67.0,143.0,600.01,5423,9674
j6013_1,discrete,69.0,69.0,3.24,18367,1068
j6013_1,continuous,69.0,127.0,600.01,5315,9377
j6011_3,discrete,76.0,76.0,2.61,18052,1024
j6011_3,continuous,76.0,76.0,4.14,5277,9420
j6023_8,discrete,72.0,72.0,3.56,17739,1047
j6023_8,continuous,72.0,72.0,1.51,4509,8095
j6036_6,discrete,76.0,76.0,2.14,18236,1054
j6036_6,continuous,76.0,76.0,0.07,3977,7183
j6026_4,discrete,65.0,65.0,3.58,16571,987
j6026_4,continuous,65.0,73.00000000000024,600.0,4525,8123
j6018_3,discrete,77.0,77.0,1.73,16850,987
j6018_3,continuous,77.0,77.0,2.96,4623,8254
j6013_4,discrete,62.0,62.0,2.94,19335,1104
j6013_4,continuous,63.0,134.0,600.01,5561,9917
j6028_2,discrete,64.0,64.0,3.69,16235,987
j6028_2,continuous,64.0,64.0,0.12,4929,8830
j6030_6,discrete,68.0,68.0,4.33,16097,951
j6030_6,continuous,68.0,282.0,1088.01,4773,8557
j6037_9,discrete,77.0,77.0,3.6,17731,1074
j6037_9,continuous,77.0,77.0,143.98,3673,6450
j6030_10,discrete,81.0,81.0,2.84,18774,1011
j6030_10,continuous,81.0,292.0,957.46,4901,8781
j6010_7,discrete,69.0,69.0,2.71,18218,1020
j6010_7,continuous,69.0,72.0,600.0,5433,9693
j6038_3,discrete,76.0,76.0,3.4,17800,1074
j6038_3,continuous,76.0,76.0,9.24,4031,7273
j6016_6,discrete,66.0,66.0,3.15,19277,1136
j6016_6,continuous,66.0,66.0,0.13,5265,9399
j6032_7,discrete,76.0,76.0,2.99,17595,1051
j6032_7,continuous,76.0,76.0,0.12,4605,8263
j6012_7,discrete,71.0,71.0,2.38,19001,1056
j6012_7,continuous,71.0,71.0,0.14,5265,9399
j6022_6,discrete,79.0,79.0,3.68,18487,1067
j6022_6,continuous,79.0,79.0,11.23,4677,8377
j6035_6,discrete,79.0,79.0,2.06,16421,970
j6035_6,continuous,79.0,79.0,1.84,3855,6950
j6045_7,discrete,74.0,74.0,4.6,15864,958
j6045_7,continuous,74.0,128.0,600.0,3861,6854
j6019_2,discrete,83.0,83.0,2.28,20113,1175
j6019_2,continuous,83.0,83.0,1.23,4547,8139
j6045_8,discrete,79.0,79.0,3.13,19181,1122
j6045_8,continuous,84.0,143.0,600.01,3709,6657
j6019_10,discrete,78.0,78.0,1.95,17460,1035
j6019_10,continuous,78.0,78.0,2.98,4463,7998
j6023_5,discrete,72.0,72.0,3.15,18522,1083
j6023_5,continuous,72.0,72.0,4.1,4761,8536
j6043_3,discrete,74.0,74.0,4.96,17360,1054
j6043_3,continuous,74.0,74.0,2.72,3909,7064
j6034_1,discrete,67.0,67.0,2.15,17429,1078
j6034_1,continuous,67.0,67.0,151.59,3739,6714
j6034_1,discrete,67.0,67.0,2.15,17429,1078
j6034_1,continuous,92.0,92.0,1.67,3771,6794
j6015_3,discrete,72.0,72.0,2.97,18502,1092
j6015_3,continuous,72.0,72.0,2.81,5621,10022
j6018_7,discrete,87.0,87.0,1.62,15538,815
j6018_7,continuous,87.0,87.0,2.07,4211,7497
j6013_9,discrete,67.0,67.0,2.58,18560,1024
j6013_9,continuous,68.0,139.0,653.63,5305,9469
j6030_4,discrete,76.0,76.0,3.17,16701,899
j6030_4,continuous,76.0,295.0,1014.45,4745,8508
j6010_6,discrete,67.0,67.0,2.73,16881,948
j6010_6,continuous,67.0,99.0,719.9,5089,9091
j6033_3,discrete,77.0,77.0,1.94,15329,918
j6033_3,continuous,77.0,91.0,902.36,3837,6827
j6018_4,discrete,71.00000000000001,71.00000000000001,2.04,20293,1227
j6018_4,continuous,71.0,71.0,8.1,4887,8728
j6020_2,discrete,78.0,78.0,1.57,15043,847
j6020_2,continuous,78.0,78.0,0.1,4361,7812
j6041_5,discrete,67.0,67.0,2.82,18215,1134
j6041_5,continuous,71.201208334,105.0,600.0,3817,6672
j6014_6,discrete,65.0,65.0,3.31,16611,972
j6014_6,continuous,65.0,66.0,1536.0,5341,9532
j6042_8,discrete,78.0,78.0,4.97,18025,1070
j6042_8,continuous,78.0,85.0,600.01,4121,7435
j6029_1,discrete,59.0,59.0,2.49,16486,1015
j6029_1,continuous,60.0,295.0,1039.58,4607,8244
j6029_1,discrete,59.0,59.0,2.49,16486,1015
j6029_1,continuous,-inf,inf,981.33,4901,8724
j6013_2,discrete,65.99999999999999,65.99999999999999,3.14,16480,936
j6013_2,continuous,66.0,140.0,600.01,5527,9838
j6010_4,discrete,80.0,80.0,2.95,17431,928
j6010_4,continuous,80.0,80.0,38.52,5493,9798
j6011_9,discrete,62.0,62.0,2.34,17561,1024
j6011_9,continuous,62.0,62.0,4.43,5501,9812
j6029_7,discrete,73.0,73.0,4.49,16099,907
j6029_7,continuous,-inf,inf,1019.38,4245,7501
j6018_1,discrete,80.0,80.0,1.86,17830,979
j6018_1,continuous,97.0,97.0,1.71,4401,7873
j6018_1,discrete,80.0,80.0,1.86,17830,979
j6018_1,continuous,80.0,80.0,6.62,4563,8152
j6043_10,discrete,78.0,78.0,3.46,15373,906
j6043_10,continuous,78.0,78.0,11.33,4117,7428
j6036_5,discrete,57.0,57.0,1.7,14925,954
j6036_5,continuous,57.0,57.0,0.08,3987,7199
j6024_3,discrete,67.0,67.0,2.66,16358,975
j6024_3,continuous,67.0,67.0,0.1,4477,8039
j6032_3,discrete,85.0,85.0,3.22,19153,1091
j6032_3,continuous,85.0,85.0,0.11,4477,8039
j6015_2,discrete,89.0,89.0,3.36,17456,880
j6015_2,continuous,89.0,89.0,19.82,5313,9483
j6024_10,discrete,66.0,66.0,3.02,18213,1095
j6024_10,continuous,66.0,66.0,0.09,4533,8137
j603_6,discrete,57.0,57.0,1.98,19729,1152
j603_6,continuous,57.0,57.0,7.62,5531,9863
j6024_1,discrete,65.0,65.0,1.86,14491,855
j6024_1,continuous,65.0,65.0,0.1,4589,8235
j6024_1,discrete,65.0,65.0,1.86,14491,855
j6024_1,continuous,66.0,66.0,0.09,4533,8137
j6039_7,discrete,68.0,68.0,3.46,17477,1058
j6039_7,continuous,68.0,68.0,2.03,4209,7589
j6034_3,discrete,61.0,61.0,1.63,16362,1038
j6034_3,continuous,61.0,61.0,62.16,4123,7416
j6031_10,discrete,56.0,56.0,3.21,16648,1019
j6031_10,continuous,-inf,inf,894.5,4945,8858
j6028_10,discrete,74.0,74.0,3.29,21666,1271
j6028_10,continuous,74.0,74.0,0.11,4869,8725
j6021_10,discrete,51.0,51.0,1.86,14805,947
j6021_10,continuous,53.0,71.00000000000014,600.01,4543,7904
j6041_7,discrete,79.0,79.0,5.49,18556,1122
j6041_7,continuous,83.908623644,92.00000000000765,600.0,3029,5158
j603_1,discrete,60.0,60.0,1.6,17694,1036
j603_1,continuous,67.0,67.0,7.56,5195,9251
j603_1,discrete,60.0,60.0,1.6,17694,1036
j603_1,continuous,60.0,60.0,1.75,5405,9644
j603_5,discrete,83.0,83.0,2.23,19895,1156
j603_5,continuous,83.0,83.0,1.19,5201,9284
j6012_4,discrete,69.0,69.0,3.95,18520,1072
j6012_4,continuous,69.0,69.0,0.14,5365,9574
j6025_4,discrete,78.0,78.0,4.53,17822,1055
j6025_4,continuous,78.0,106.0,600.0,4295,7578
j6040_6,discrete,69.0,69.0,2.4,16582,966
j6040_6,continuous,69.0,69.0,0.09,4049,7309
j6027_4,discrete,60.0,60.0,3.34,15955,975
j6027_4,continuous,60.0,60.0,7.55,4761,8536
j6025_3,discrete,90.0,90.0,4.81,18666,1071
j6025_3,continuous,90.0,111.0,600.0,4207,7364
j6012_8,discrete,60.0,60.0,2.89,16236,948
j6012_8,continuous,60.0,60.0,0.15,5249,9371
j6044_4,discrete,77.0,77.0,4.98,19242,1138
j6044_4,continuous,77.0,77.0,0.16,3913,7071
j6038_9,discrete,66.0,66.0,2.36,15919,986
j6038_9,continuous,66.0,66.0,38.05,3949,7134
j6040_5,discrete,83.0,83.0,4.23,19419,1142
j6040_5,continuous,83.0,83.0,0.08,3785,6847
j6024_2,discrete,55.0,55.0,2.6,16698,1031
j6024_2,continuous,55.0,55.0,0.11,4701,8431
j6041_2,discrete,81.0,81.0,4.4,16804,982
j6041_2,continuous,81.0,96.0,600.0,3745,6618
j6026_1,discrete,80.0,80.0,3.09,16823,891
j6026_1,continuous,80.00000000000152,80.00000000000152,61.6,4849,8690
j6026_1,discrete,80.0,80.0,3.09,16823,891
j6026_1,continuous,85.0,85.0,21.92,4269,7675
j6030_2,discrete,65.0,65.0,2.73,17488,1063
j6030_2,continuous,65.0,110.0,1078.13,4581,8221
j6032_4,discrete,56.0,56.0,3.88,16448,979
j6032_4,continuous,56.0,56.0,0.12,4725,8473
j6022_8,discrete,59.0,59.0,2.98,17614,1067
j6022_8,continuous,59.0,59.0,11.52,4837,8669
j6041_6,discrete,82.0,82.0,5.6,17369,1062
j6041_6,continuous,85.0,94.0,600.01,3159,5498
j6013_5,discrete,53.0,53.0,2.69,17899,1092
j6013_5,continuous,55.0,119.0,600.01,5681,10127
j6031_7,discrete,76.0,76.0,4.34,16597,923
j6031_7,continuous,76.0,281.0,1082.34,4161,7486
j6033_4,discrete,75.0,75.0,2.13,18235,1074
j6033_4,continuous,75.0,76.0,1052.28,3863,6898
j6038_4,discrete,58.0,58.0,2.74,16871,1046
j6038_4,continuous,58.00000000001439,58.00000000001439,33.01,4329,7799
j6037_8,discrete,79.0,79.0,2.88,16703,974
j6037_8,continuous,79.0,79.0,50.68,3887,6754
j6026_6,discrete,73.0,73.0,4.15,17668,1059
j6026_6,continuous,73.0,80.0,1345.88,4885,8753
j6014_1,discrete,59.0,59.0,2.75,17732,1068
j6014_1,continuous,67.0,81.0,600.01,5077,9070
j6014_1,discrete,59.0,59.0,2.75,17732,1068
j6014_1,continuous,59.0,69.0,600.0,5425,9679
j6017_9,discrete,70.0,70.0,1.63,16994,959
j6017_9,continuous,72.0,72.0,16.97,4257,7486
j6014_2,discrete,65.0,65.0,2.92,18185,1088
j6014_2,continuous,65.0,65.0,185.8,5381,9602
j6025_8,discrete,57.0,57.0,3.34,17438,1047
j6025_8,continuous,59.494845361,115.0,600.0,4851,8599
j6031_8,discrete,75.0,75.0,2.89,17454,1039
j6031_8,continuous,75.0,97.0,980.34,4345,7808
j6045_4,discrete,60.0,60.0,4.42,15304,962
j6045_4,continuous,65.0,125.0,600.01,3847,6858
j602_2,discrete,82.0,82.0,2.31,17884,948
j602_2,continuous,82.0,82.0,3.26,5217,9252
j6020_9,discrete,74.0,74.0,2.14,19119,1139
j6020_9,continuous,74.0,74.0,0.08,4509,8086
j6036_8,discrete,69.0,69.0,1.98,17653,1086
j6036_8,continuous,69.0,69.0,0.08,4073,7351
j6016_9,discrete,54.0,54.0,2.54,17380,1052
j6016_9,continuous,54.0,54.0,0.14,5493,9798
j6014_5,discrete,59.0,59.0,2.29,16871,992
j6014_5,continuous,59.0,61.0,600.01,5473,9763
j6025_7,discrete,66.0,66.0,2.82,14661,835
j6025_7,continuous,67.0,106.0,600.0,4443,7801
j6018_8,discrete,78.0,78.0,1.96,17597,1019
j6018_8,continuous,78.0,78.0,3.56,4567,8144
j6036_4,discrete,85.0,85.0,2.09,16911,994
j6036_4,continuous,85.0,85.0,0.08,3859,6972
j6021_1,discrete,76.0,76.0,3.37,17268,1003
j6021_1,continuous,53.0,71.00000000000014,600.01,4543,7904
j6021_1,discrete,76.0,76.0,3.37,17268,1003
j6021_1,continuous,77.0,77.0,55.17,4089,7033
j6015_1,discrete,84.0,84.0,2.6,17370,968
j6015_1,continuous,84.0,84.0,2.23,5129,9161
j6015_1,discrete,84.0,84.0,2.6,17370,968
j6015_1,continuous,61.0,61.0,3.44,5429,9686
j6014_9,discrete,61.0,61.0,2.36,16564,992
j6014_9,continuous,61.0,62.0,600.01,5729,10211
j6023_6,discrete,81.0,81.0,2.54,16233,903
j6023_6,continuous,81.0,81.0,2.25,4323,7768
j6032_9,discrete,74.0,74.0,3.43,19862,1159
j6032_9,continuous,74.0,74.0,0.12,4621,8291
j6041_9,discrete,80.0,80.0,3.09,19944,1190
j6041_9,continuous,82.0,112.0,600.01,3667,6456
j6022_2,discrete,83.0,83.0,4.08,18949,1091
j6022_2,continuous,83.0,83.0,24.69,4605,8257
j601_10,discrete,76.0,76.0,1.83,18873,1092
j601_10,continuous,76.0,76.0,10.93,5145,9072
j6015_5,discrete,70.0,70.0,2.73,18212,1060
j6015_5,continuous,70.0,70.0,15.51,5349,9546
j6023_10,discrete,68.0,68.0,2.31,15335,927
j6023_10,continuous,68.0,68.0,3.58,4589,8235
j603_8,discrete,52.0,52.0,1.5,17375,1016
j603_8,continuous,52.0,52.0,8.29,5487,9756
j6029_6,discrete,77.0,77.0,4.78,21882,1319
j6029_6,continuous,-inf,inf,1070.14,4393,7733
j6039_1,discrete,80.0,80.0,3.64,16939,990
j6039_1,continuous,80.0,80.0,2.22,3733,6756
j6039_1,discrete,80.0,80.0,3.64,16939,990
j6039_1,continuous,74.0,74.0,1.75,4049,7309
j6018_10,discrete,97.0,97.0,2.13,19471,1091
j6018_10,continuous,97.0,97.0,1.71,4401,7873
j6038_5,discrete,102.99999999999999,102.99999999999999,2.52,15692,846
j6038_5,continuous,103.0,103.0,6.21,3857,6967
j6037_7,discrete,75.0,75.0,3.99,18423,1098
j6037_7,continuous,80.0,80.0,52.79,3597,6257
j6021_8,discrete,85.0,85.0,3.45,17191,959
j6021_8,continuous,85.0,85.0,8.33,4079,7065
j6028_6,discrete,89.0,89.0,4.77,18201,1015
j6028_6,continuous,89.0,89.0,0.11,4401,7906
j6036_1,discrete,61.0,61.0,1.85,15677,966
j6036_1,continuous,77.0,77.0,0.07,3975,7172
j6036_1,discrete,61.0,61.0,1.85,15677,966
j6036_1,continuous,61.0,61.0,0.07,3959,7147
j6024_6,discrete,75.0,75.0,3.41,16493,963
j6024_6,continuous,75.0,75.0,0.11,4733,8487
j6021_7,discrete,80.0,80.0,3.64,17539,1015
j6021_7,continuous,82.0,82.0,178.78,4105,7160
j6014_3,discrete,61.0,61.0,2.49,17061,1004
j6014_3,continuous,61.0,64.0,600.01,5225,9329
j6021_3,discrete,65.0,65.0,2.9,17601,1039
j6021_3,continuous,65.0,80.0,600.0,4339,7607
j6019_9,discrete,67.0,67.0,2.21,18894,1167
j6019_9,continuous,69.0,69.0,2.84,4541,8151
j601_2,discrete,65.0,65.0,1.8,18221,1104
j601_2,continuous,65.0,65.0,11.34,5217,9198
j6039_3,discrete,83.0,83.0,3.58,19173,1098
j6039_3,continuous,83.0,83.0,2.43,4001,7225
j6033_1,discrete,90.0,90.0,2.17,17410,954
j6033_1,continuous,69.0,69.0,2.47,3831,6830
j6033_1,discrete,90.0,90.0,2.17,17410,954
j6033_1,continuous,90.0,90.0,63.12,3831,6803
j6043_4,discrete,74.0,74.0,3.15,19770,1162
j6043_4,continuous,75.0,75.0,12.97,4041,7295
j6017_3,discrete,79.0,79.0,2.14,19215,1127
j6017_3,continuous,80.0,80.0,11.53,4665,8221
j6015_6,discrete,76.0,76.0,2.51,17308,952
j6015_6,continuous,76.0,76.0,11.43,5485,9784
j6041_1,discrete,91.0,91.0,5.02,18905,1086
j6041_1,continuous,91.0,104.0,600.01,3587,6253
j6041_1,discrete,91.0,91.0,5.02,18905,1086
j6041_1,continuous,75.198339737,129.0,600.0,3911,7048
j602_1,discrete,65.0,65.0,1.4,17276,972
j602_1,continuous,64.0,80.0,754.85,5561,9902
j602_1,discrete,65.0,65.0,1.4,17276,972
j602_1,continuous,65.0,66.0,973.54,5499,9801
j6022_7,discrete,69.0,69.0,3.75,20329,1231
j6022_7,continuous,69.0,69.0,14.4,4829,8655
j6022_3,discrete,70.0,70.0,3.16,17047,1035
j6022_3,continuous,70.0,70.0,16.74,4623,8269
j6011_5,discrete,65.0,65.0,3.34,19112,1112
j6011_5,continuous,65.0,65.0,5.53,5557,9910
j6010_3,discrete,72.0,72.0,2.52,18795,1032
j6010_3,continuous,72.00000000000125,72.00000000000125,302.7,5413,9658
j6035_5,discrete,75.0,75.0,2.54,17768,1086
j6035_5,continuous,76.0,76.0,1.75,3655,6618
j6037_10,discrete,86.0,86.0,3.63,17719,1034
j6037_10,continuous,86.0,86.0,85.68,4085,7201
j6044_1,discrete,84.0,84.0,3.22,16527,926
j6044_1,continuous,84.0,84.0,0.18,4105,7407
j6044_1,discrete,84.0,84.0,3.22,16527,926
j6044_1,continuous,65.0,65.0,0.12,4013,7246
j6031_2,discrete,74.0,74.0,3.1,17731,1071
j6031_2,continuous,-inf,inf,1135.02,4641,8326
j6037_4,discrete,75.0,75.0,4.09,17832,1046
j6037_4,continuous,81.0,81.0,72.75,3765,6620
j601_5,discrete,68.0,68.0,1.25,16374,924
j601_5,continuous,68.0,68.0,6.52,5111,8984
j6029_5,discrete,77.0,77.0,2.58,17221,971
j6029_5,continuous,77.0,314.0,1031.72,4541,8142
j6036_10,discrete,77.0,77.0,2.03,17623,1030
j6036_10,continuous,77.0,77.0,0.07,3975,7172
j603_9,discrete,63.0,63.0,1.65,17531,1020
j603_9,continuous,63.0,63.0,1.33,5251,9358
j601_8,discrete,71.0,71.0,1.96,19642,1104
j601_8,continuous,71.0,71.0,6.95,4861,8539
j6033_5,discrete,97.0,97.0,2.82,19196,1102
j6033_5,continuous,97.0,97.0,2.4,3577,6342
j6014_10,discrete,67.0,67.0,3.31,20043,1188
j6014_10,continuous,67.0,81.0,600.01,5077,9070
j6015_7,discrete,64.0,64.0,2.77,17826,1072
j6015_7,continuous,64.0,64.0,27.45,5637,10050
j6032_1,discrete,68.99999999999999,68.99999999999999,2.91,18314,1055
j6032_1,continuous,77.0,77.0,0.12,4637,8319
j6032_1,discrete,68.99999999999999,68.99999999999999,2.91,18314,1055
j6032_1,continuous,69.0,69.0,0.12,5029,9005
j6039_9,discrete,72.0,72.0,3.6,18041,1074
j6039_9,continuous,72.0,72.0,3.18,3885,7022
j6018_2,discrete,69.0,69.0,2.0,18506,1103
j6018_2,continuous,69.0,69.0,9.37,4847,8664
j6027_8,discrete,88.0,88.0,3.14,16632,883
j6027_8,continuous,88.0,88.0,9.29,4677,8389
j6042_4,discrete,94.0,94.0,4.4,17774,1010
j6042_4,continuous,98.052631579,107.0,600.01,3893,7036
j6018_9,discrete,69.0,69.0,2.23,17567,1035
j6018_9,continuous,69.0,69.0,2.45,4445,7950
j6027_5,discrete,78.0,78.0,4.34,18348,1027
j6027_5,continuous,78.0,81.0,1025.8,4669,8375
j6035_7,discrete,73.0,73.0,2.27,16959,1030
j6035_7,continuous,73.0,73.0,1.08,3617,6529
j6016_8,discrete,68.0,68.0,2.51,18151,1000
j6016_8,continuous,68.0,68.0,0.13,5345,9539
j6029_4,discrete,75.0,75.0,3.19,18814,1119
j6029_4,continuous,-inf,inf,1067.24,4637,8157
j6034_7,discrete,83.0,83.0,2.45,17069,966
j6034_7,continuous,83.0,83.0,105.03,3687,6629
j6031_1,discrete,65.0,65.0,3.09,16254,927
j6031_1,continuous,65.0,65.0,4.18,4849,8690
j6031_1,discrete,65.0,65.0,3.09,16254,927
j6031_1,continuous,-inf,inf,894.5,4945,8858
j6012_3,discrete,75.0,75.0,3.33,18148,1052
j6012_3,continuous,75.0,75.0,0.14,5301,9462
j6026_7,discrete,72.0,72.0,3.03,15701,875
j6026_7,continuous,-inf,inf,1030.38,4625,8298
j6024_7,discrete,68.0,68.0,3.35,18262,1067
j6024_7,continuous,68.0,68.0,0.1,4565,8193
j6030_3,discrete,80.0,80.0,3.64,19841,1147
j6030_3,continuous,80.0,340.0,1004.31,4637,8319
j6041_10,discrete,71.0,71.0,3.3,19604,1202
j6041_10,continuous,75.198339737,129.0,600.0,3911,7048
j6017_4,discrete,69.0,69.0,1.6,16173,923
j6017_4,continuous,69.0,69.0,5.53,4285,7586
j6016_1,discrete,64.0,64.0,3.24,19529,1140
j6016_1,continuous,68.0,68.0,0.14,5389,9616
j6016_1,discrete,64.0,64.0,3.24,19529,1140
j6016_1,continuous,64.0,64.0,0.16,5353,9553
j6021_4,discrete,64.0,64.0,2.32,15672,955
j6021_4,continuous,66.5,74.00000000000003,600.01,3791,6516
j6026_3,discrete,71.0,71.0,4.08,18562,1087
j6026_3,continuous,71.003791551,78.0,600.01,4929,8830
j6022_1,discrete,62.0,62.0,3.05,16072,971
j6022_1,continuous,69.0,69.0,22.31,4805,8595
j6022_1,discrete,62.0,62.0,3.05,16072,971
j6022_1,continuous,64.0,64.0,18.12,4581,8221
j602_8,discrete,66.0,66.0,1.62,17562,1036
j602_8,continuous,66.0,73.0,1039.18,5637,10035
j6031_3,discrete,66.0,66.0,2.77,17160,1027
j6031_3,continuous,66.0,73.0,1039.34,4929,8830
j6013_10,discrete,63.0,63.0,3.25,19293,1140
j6013_10,continuous,67.0,143.0,600.01,5423,9674
j6018_5,discrete,80.0,80.0,1.88,16732,991
j6018_5,continuous,80.0,80.0,2.36,4657,8333
j6013_6,discrete,61.0,61.0,2.45,17479,1036
j6013_6,continuous,61.0,111.0,600.01,5645,10064
j6025_1,discrete,71.0,71.0,2.96,14816,847
j6025_1,continuous,78.0,108.0,600.0,4263,7597
j6025_1,discrete,71.0,71.0,2.96,14816,847
j6025_1,continuous,71.0,86.0,600.0,3959,6717
j6020_3,discrete,69.0,69.0,1.98,18515,1095
j6020_3,continuous,69.0,69.0,0.08,4633,8312
j6041_8,discrete,95.0,95.0,4.65,18167,1034
j6041_8,continuous,95.0,95.0,34.79,3499,6036
j6017_7,discrete,81.0,81.0,2.0,18607,1083
j6017_7,continuous,81.0,81.0,3.67,4719,8305
j601_1,discrete,77.0,77.0,1.39,17472,936
j601_1,continuous,77.0,77.0,10.14,5393,9488
j601_1,discrete,77.0,77.0,1.39,17472,936
j601_1,continuous,76.0,76.0,10.93,5145,9072
j6042_3,discrete,73.0,73.0,4.03,17331,1066
j6042_3,continuous,73.0,84.0,600.01,4017,7253
j6020_6,discrete,97.0,97.0,2.17,18110,995
j6020_6,continuous,97.0,97.0,0.08,4275,7684
j6033_8,discrete,74.0,74.0,1.89,17128,970
j6033_8,continuous,75.0,77.0,1054.47,3861,6869
j6032_8,discrete,76.0,76.0,3.85,15514,879
j6032_8,continuous,76.0,76.0,0.12,4685,8403
j6042_1,discrete,83.0,83.0,4.05,16604,1006
j6042_1,continuous,83.0,83.0,35.09,3925,7092
j6042_1,discrete,83.0,83.0,4.05,16604,1006
j6042_1,continuous,87.0,87.0,47.57,4393,7911
j6029_8,discrete,72.0,72.0,2.46,16720,979
j6029_8,continuous,73.0,129.0,1359.24,4789,8585
j6044_2,discrete,68.0,68.0,3.19,16951,1006
j6044_2,continuous,68.0,68.0,0.16,3969,7169
j6011_10,discrete,58.0,58.0,2.79,16716,980
j6011_10,continuous,58.0,58.0,5.32,5645,10064
j6028_5,discrete,71.0,71.0,3.34,17600,1019
j6028_5,continuous,71.0,71.0,0.11,4749,8515
j6025_5,discrete,61.0,61.0,3.25,15002,899
j6025_5,continuous,62.0,75.0,600.0,4541,7935
j6026_2,discrete,63.0,63.0,3.08,15599,931
j6026_2,continuous,63.0,70.0,600.0,4781,8571
j6036_2,discrete,75.0,75.0,1.91,15476,938
j6036_2,continuous,75.0,75.0,0.08,3667,6618
j6019_8,discrete,82.0,82.0,2.24,17468,967
j6019_8,continuous,82.0,82.0,2.51,4437,7951
j6042_2,discrete,68.0,68.0,3.42,16944,1038
j6042_2,continuous,68.0,68.0,15.47,4233,7631
j6034_4,discrete,83.0,83.0,1.88,16585,938
j6034_4,continuous,83.0,83.0,0.8,4117,7407
j6025_6,discrete,75.0,75.0,4.77,18222,1071
j6025_6,continuous,76.388489209,108.0,600.01,4535,7947
j6027_7,discrete,83.0,83.0,4.23,17478,1031
j6027_7,continuous,83.0,85.0,1125.41,4821,8641
j6035_1,discrete,78.0,78.0,2.16,18744,1130
j6035_1,continuous,78.0,78.0,0.86,3975,7154
j6035_1,discrete,78.0,78.0,2.16,18744,1130
j6035_1,continuous,71.0,71.0,1.32,3893,7027
j6010_9,discrete,73.0,73.0,2.45,18843,1072
j6010_9,continuous,73.0,78.0,600.01,5273,9413
j6031_9,discrete,86.0,86.0,3.32,19746,1107
j6031_9,continuous,86.0,109.0,672.49,4729,8480
j6010_5,discrete,79.0,79.0,3.05,20329,1172
j6010_5,continuous,79.0,83.0,1710.66,5301,9462
j6026_8,discrete,89.0,89.0,4.11,18386,1011
j6026_8,continuous,89.0,90.0,1118.2,4517,8109
j6030_1,discrete,70.0,70.0,2.82,15450,847
j6030_1,continuous,-inf,inf,1011.06,4557,8179
j6030_1,discrete,70.0,70.0,2.82,15450,847
j6030_1,continuous,81.0,292.0,957.46,4901,8781
j6037_6,discrete,62.0,62.0,3.61,18417,1154
j6037_6,continuous,65.164102564,92.0,1251.81,3843,6761
j6014_4,discrete,65.0,65.0,2.72,17978,1056
j6014_4,continuous,65.0,72.0,600.0,5241,9357
j6019_5,discrete,73.0,73.0,1.83,17475,1023
j6019_5,continuous,73.0,73.0,2.08,4581,8200
j6032_10,discrete,77.0,77.0,2.83,16971,995
j6032_10,continuous,77.0,77.0,0.12,4637,8319
j602_4,discrete,78.0,78.0,1.7,17703,960
j602_4,continuous,78.0,84.0,1073.0,5285,9398
j6045_5,discrete,60.0,60.0,2.5,16532,998
j6045_5,continuous,60.000000002,117.0,1420.56,4123,7401
j6035_4,discrete,72.0,72.0,2.01,16662,1002
j6035_4,continuous,72.0,72.0,1.75,3759,6797
j6037_5,discrete,80.0,80.0,2.71,15954,954
j6037_5,continuous,80.0,80.0,8.76,3501,6056
j6010_1,discrete,85.0,85.0,3.31,17140,924
j6010_1,continuous,85.0,85.0,67.17,5509,9826
j6010_1,discrete,85.0,85.0,3.31,17140,924
j6010_1,continuous,73.0,73.0,35.98,5493,9798
j6045_6,discrete,80.0,80.0,3.88,20088,1222
j6045_6,continuous,81.0,145.0,1158.26,3697,6483
j6029_3,discrete,72.0,72.0,2.96,18276,1083
j6029_3,continuous,-inf,inf,993.19,4727,8472
j6020_7,discrete,74.0,74.0,1.99,17155,1007
j6020_7,continuous,74.0,74.0,0.09,4641,8326
j6017_6,discrete,67.0,67.0,1.71,16035,947
j6017_6,continuous,67.0,67.0,4.67,4487,7956
j6012_5,discrete,63.0,63.0,3.02,17677,1008
j6012_5,continuous,63.0,63.0,0.15,5629,10036
j6042_9,discrete,70.0,70.0,4.17,16624,1014
j6042_9,continuous,71.0,71.0,190.81,3961,7155
j6023_7,discrete,59.99999999999999,59.99999999999999,3.06,16752,1043
j6023_7,continuous,60.0,60.0,9.35,4645,8333
j6035_8,discrete,75.0,75.0,2.25,18995,1110
j6035_8,continuous,75.0,75.0,1.56,4193,7546
j6030_9,discrete,98.0,98.0,3.09,18024,987
j6030_9,continuous,98.0,117.0,1063.76,4397,7899
j6017_10,discrete,65.0,65.0,2.16,19713,1191
j6017_10,continuous,66.0,66.0,14.08,4627,8204
j6025_10,discrete,77.0,77.0,2.66,18406,1087
j6025_10,continuous,78.0,108.0,600.0,4263,7597
j6044_3,discrete,87.0,87.0,2.76,18303,1050
j6044_3,continuous,87.0,87.0,0.13,4073,7351
j6042_10,discrete,87.0,87.0,3.26,15340,810
j6042_10,continuous,87.0,87.0,47.57,4393,7911
j6012_9,discrete,59.0,59.0,2.44,18265,1072
j6012_9,continuous,59.0,59.0,0.14,5429,9686
j6021_2,discrete,92.0,92.0,2.41,16757,907
j6021_2,continuous,92.0,92.0,16.14,3997,6830
j6016_7,discrete,82.0,82.0,3.11,15051,820
j6016_7,continuous,82.0,82.0,0.13,5157,9210
j6016_2,discrete,64.0,64.0,2.72,17843,1060
j6016_2,continuous,64.0,64.0,0.13,5285,9434
j6043_5,discrete,64.0,64.0,4.35,15997,998
j6043_5,continuous,64.0,64.0,2.59,4021,7260
j6010_8,discrete,64.0,64.0,2.47,16154,924
j6010_8,continuous,64.0,65.0,1130.55,5453,9728
j6021_9,discrete,68.99999999999999,68.99999999999999,3.89,18965,1131
j6021_9,continuous,69.0,82.0,600.0,4731,8365
j6039_6,discrete,83.0,83.0,2.38,15234,934
j6039_6,continuous,84.0,84.0,12.85,3713,6715
j6043_6,discrete,84.0,84.0,4.3,16846,990
j6043_6,continuous,84.0,84.0,6.22,4073,7351
j602_5,discrete,53.0,53.0,1.75,18510,1140
j602_5,continuous,53.000000000000334,53.000000000000334,2.6,5627,10010
j603_2,discrete,69.0,69.0,1.68,17805,1032
j603_2,continuous,69.0,69.0,2.55,5467,9748
j6039_2,discrete,84.0,84.0,3.8,18571,1090
j6039_2,continuous,84.0,84.0,3.8,4025,7267
j6011_6,discrete,70.0,70.0,3.0,17222,1004
j6011_6,continuous,70.0,70.0,26.93,5413,9658
j6022_4,discrete,64.0,64.0,3.45,19207,1179
j6022_4,continuous,66.0,71.0,600.0,4499,8061
j602_3,discrete,77.0,77.0,1.98,20935,1156
j602_3,continuous,77.0,79.0,1097.72,5387,9590
j6037_1,discrete,70.0,70.0,2.3,15705,982
j6037_1,continuous,86.0,86.0,85.68,4085,7201
j6037_1,discrete,70.0,70.0,2.3,15705,982
j6037_1,continuous,72.0,74.0,600.0,3605,6289
j6013_7,discrete,54.0,54.0,2.72,17571,1064
j6013_7,continuous,55.0,111.0,600.0,5609,10001
j6038_7,discrete,74.0,74.0,3.71,17838,1098
j6038_7,continuous,74.0,74.0,14.42,4009,7236
j6020_5,discrete,71.0,71.0,1.96,18350,1075
j6020_5,continuous,71.0,71.0,0.09,4819,8630
j6016_3,discrete,53.0,53.0,2.49,16766,1032
j6016_3,continuous,53.0,53.0,0.13,5185,9259
j6013_8,discrete,69.0,69.0,2.9,18018,1020
j6013_8,continuous,70.263157895,125.0,600.0,5143,9013
j6038_10,discrete,63.0,63.0,3.44,17609,1106
j6038_10,continuous,66.0,66.0,42.97,4077,7358
j602_9,discrete,65.0,65.0,1.49,18051,1024
j602_9,continuous,65.0,65.0,3.48,5441,9689
j602_7,discrete,49.0,49.0,1.59,18521,1136
j602_7,continuous,49.0,55.0,954.25,5765,10271
j6011_7,discrete,70.0,70.0,2.56,18772,1064
j6011_7,continuous,70.0,70.0,5.33,5481,9777
j6036_9,discrete,86.0,86.0,2.31,17617,1050
j6036_9,continuous,86.0,86.0,0.07,3801,6875
j6026_5,discrete,61.0,61.0,3.35,15549,955
j6026_5,continuous,61.0,61.0,13.63,4729,8480
j6025_2,discrete,69.0,69.0,2.78,18829,1123
j6025_2,continuous,70.204404086,117.0000000000001,600.0,4625,8259
j6023_3,discrete,75.0,75.0,2.94,17342,971
j6023_3,continuous,76.0,76.0,3.97,4479,8038
j6029_2,discrete,88.0,88.0,4.5,15865,891
j6029_2,continuous,-inf,inf,1264.18,3871,6611
j6015_10,discrete,61.0,61.0,2.1,16181,936
j6015_10,continuous,61.0,61.0,3.44,5429,9686
j6015_9,discrete,72.0,72.0,3.65,20094,1172
j6015_9,continuous,72.0,72.0,3.51,5489,9791
j6045_3,discrete,86.0,86.0,3.39,18714,1066
j6045_3,continuous,86.0,131.0,600.01,3749,6565
j6035_2,discrete,77.0,77.0,2.38,19361,1142
j6035_2,continuous,77.0,77.0,0.86,3885,7004
j6040_8,discrete,80.0,80.0,4.07,18283,1074
j6040_8,continuous,80.0,80.0,0.09,3965,7162
j6026_9,discrete,62.0,62.0,2.84,19695,1195
j6026_9,continuous,-inf,inf,1010.41,4881,8746
j6017_8,discrete,66.0,66.0,1.74,17316,1019
j6017_8,continuous,71.0,71.0,29.74,4751,8370
j6042_5,discrete,73.0,73.0,4.03,16565,982
j6042_5,continuous,73.0,73.0,9.7,3713,6721
j6040_2,discrete,81.0,81.0,3.39,18062,1062
j6040_2,continuous,81.0,81.0,0.09,3909,7064
j6032_6,discrete,93.0,93.0,4.75,16390,891
j6032_6,continuous,93.0,93.0,62.61,4293,7717
j6028_9,discrete,74.0,74.0,4.47,18470,1107
j6028_9,continuous,74.0,74.0,0.11,4641,8326
j6045_2,discrete,78.0,78.0,3.61,19536,1146
j6045_2,continuous,83.0,136.0,600.0,3773,6622
j6030_8,discrete,63.0,63.0,2.63,17062,1039
j6030_8,continuous,63.0,88.0,893.11,4729,8480
j6011_2,discrete,61.0,61.0,3.38,17397,1024
j6011_2,continuous,61.0,61.0,6.31,5381,9602
j6017_5,discrete,52.0,52.0,1.6,14640,927
j6017_5,continuous,55.0,55.0,28.65,4597,8159
j602_10,discrete,64.0,64.0,1.96,20887,1232
j602_10,continuous,64.0,80.0,754.85,5561,9902
j601_7,discrete,60.0,60.0,1.61,18513,1096
j601_7,continuous,60.0,60.0,60.37,5423,9515
j6038_8,discrete,68.0,68.0,4.12,18866,1174
j6038_8,continuous,71.0,71.0,24.65,3805,6882
j6045_10,discrete,61.0,61.0,4.23,16773,1062
j6045_10,continuous,66.0,125.0,600.01,4027,7173
j6023_2,discrete,69.0,69.0,3.06,19020,1155
j6023_2,continuous,69.0,69.0,4.1,4717,8459
j6016_4,discrete,60.0,60.0,3.21,16801,980
j6016_4,continuous,60.0,60.0,0.13,5325,9504
j6034_9,discrete,77.0,77.0,2.3,16559,1010
j6034_9,continuous,77.0,77.0,2.94,4079,7336
j6028_4,discrete,84.0,84.0,3.93,17321,967
j6028_4,continuous,84.0,84.0,0.11,4753,8522
j6033_10,discrete,69.0,69.0,2.2,16927,1030
j6033_10,continuous,69.0,69.0,2.47,3831,6830
j6024_5,discrete,76.0,76.0,2.32,16633,951
j6024_5,continuous,76.0,76.0,0.1,4813,8627
j6041_4,discrete,100.0,100.0,5.18,17244,974
j6041_4,continuous,100.0,121.0,785.22,3311,5707
j6024_9,discrete,80.0,80.0,3.22,17301,983
j6024_9,continuous,80.0,80.0,0.09,4669,8375
j6012_1,discrete,59.0,59.0,2.39,17985,1084
j6012_1,continuous,59.0,59.0,0.15,5561,9917
j6012_1,discrete,59.0,59.0,2.39,17985,1084
j6012_1,continuous,79.0,79.0,0.14,5161,9217
j6040_7,discrete,68.0,68.0,2.66,16474,1010
j6040_7,continuous,68.0,68.0,0.09,3973,7176
j6038_2,discrete,71.0,71.0,3.67,19190,1166
j6038_2,continuous,71.0,78.0,600.0,4163,7507
j6035_3,discrete,87.0,87.0,2.39,17345,1062
j6035_3,continuous,87.0,87.0,1.96,3853,6948
j6012_2,discrete,58.0,58.0,2.13,15551,896
j6012_2,continuous,58.0,58.0,0.15,5621,10022
j6019_6,discrete,68.0,68.0,1.89,17838,1071
j6019_6,continuous,69.0,69.0,2.27,4603,8258
j6030_7,discrete,77.0,77.0,3.1,18983,1103
j6030_7,continuous,77.0,330.0,1195.18,4613,8277
j6038_6,discrete,86.0,86.0,3.72,17795,998
j6038_6,continuous,86.0,86.0,6.81,4003,7218
j6033_6,discrete,65.0,65.0,2.2,17800,1078
j6033_6,continuous,-inf,inf,912.64,4019,7150
j6029_9,discrete,70.0,70.0,3.76,16016,943
j6029_9,continuous,70.0,272.0,905.29,4615,8183
j6040_3,discrete,70.0,70.0,3.26,17087,1010
j6040_3,continuous,70.0,70.0,0.09,4009,7239
j6044_6,discrete,81.0,81.0,3.91,16509,978
j6044_6,continuous,81.0,81.0,0.12,4021,7260
j6044_10,discrete,65.0,65.0,2.62,15483,902
j6044_10,continuous,65.0,65.0,0.12,4013,7246
j6038_1,discrete,73.0,73.0,4.02,18110,1110
j6038_1,continuous,73.0,73.0,11.63,3933,7106
j6038_1,discrete,73.0,73.0,4.02,18110,1110
j6038_1,continuous,66.0,66.0,42.97,4077,7358
j6020_8,discrete,65.0,65.0,1.55,16658,1023
j6020_8,continuous,65.0,65.0,0.09,4871,8724
j6019_1,discrete,62.0,62.0,1.79,18064,1079
j6019_1,continuous,78.0,78.0,2.98,4463,7998
j6019_1,discrete,62.0,62.0,1.79,18064,1079
j6019_1,continuous,62.0,62.0,2.23,4943,8847
j6031_6,discrete,72.0,72.0,3.69,20635,1171
j6031_6,continuous,-inf,inf,1119.39,4773,8557
j6010_2,discrete,62.0,62.0,2.62,19183,1152
j6010_2,continuous,62.0,62.0,62.51,5533,9868
j601_4,discrete,79.0,79.0,1.41,17161,908
j601_4,continuous,79.0,79.0,10.97,5213,9203
j6043_2,discrete,85.0,85.0,4.06,18085,1022
j6043_2,continuous,85.0,85.0,17.38,3989,7204
j6014_7,discrete,69.0,69.0,2.23,16715,908
j6014_7,continuous,69.0,69.0,399.03,5273,9413
j6030_5,discrete,72.0,72.0,3.46,19157,1119
j6030_5,continuous,72.0,317.0,962.35,4621,8291
j6027_1,discrete,96.0,96.0,4.42,17570,919
j6027_1,continuous,-inf,inf,1118.37,4989,8935
j6027_1,discrete,96.0,96.0,4.42,17570,919
j6027_1,continuous,-inf,inf,1049.22,4361,7836
j6027_3,discrete,76.0,76.0,3.04,15708,927
j6027_3,continuous,-inf,inf,1210.6,4797,8599
j6010_10,discrete,73.0,73.0,3.51,16950,988
j6010_10,continuous,73.0,73.0,35.98,5493,9798
j6034_2,discrete,64.99999999999999,64.99999999999999,2.0,17445,1090
j6034_2,continuous,65.0,65.0,3.22,4019,7225
j6023_1,discrete,74.99999999999999,74.99999999999999,4.11,20654,1219
j6023_1,continuous,75.0,75.0,2.93,4765,8543
j6023_1,discrete,74.99999999999999,74.99999999999999,4.11,20654,1219
j6023_1,continuous,68.0,68.0,3.58,4589,8235
j6023_4,discrete,83.0,83.0,3.2,17239,971
j6023_4,continuous,83.0,83.0,8.49,4689,8410
j6028_7,discrete,75.0,75.0,2.18,17753,1003
j6028_7,continuous,75.0,75.0,0.11,4541,8151
j6042_6,discrete,82.0,82.0,4.32,15389,818
j6042_6,continuous,82.0,82.0,39.04,3349,6084
j6011_8,discrete,69.0,69.0,2.78,19445,1120
j6011_8,continuous,69.0,69.0,4.48,5465,9749
j602_6,discrete,61.0,61.0,1.48,16698,980
j602_6,continuous,-inf,inf,1021.88,5559,9882
j6017_1,discrete,76.0,76.0,1.58,16332,911
j6017_1,continuous,76.0,76.0,3.49,4393,7739
j6017_1,discrete,76.0,76.0,1.58,16332,911
j6017_1,continuous,66.0,66.0,14.08,4627,8204
j6028_3,discrete,72.0,72.0,3.8,16299,955
j6028_3,continuous,72.0,72.0,0.1,4173,7507
j6037_3,discrete,97.0,97.0,5.34,20391,1134
j6037_3,continuous,98.0,98.0,15.78,3405,5876
j6026_10,discrete,85.0,85.0,4.51,16411,919
j6026_10,continuous,85.0,85.0,21.92,4269,7675
j6019_3,discrete,81.0,81.0,1.62,18157,971
j6019_3,continuous,81.0,81.0,2.68,4791,8560
j6018_6,discrete,61.0,61.0,1.92,17323,1071
j6018_6,continuous,61.0,61.0,3.43,4493,8055
j6028_8,discrete,62.0,62.0,3.52,17101,1035
j6028_8,continuous,62.0,62.0,0.11,4989,8935
j6027_6,discrete,64.0,64.0,3.92,18731,1103
j6027_6,continuous,-inf,inf,1103.3,4969,8900
j6022_10,discrete,69.0,69.0,2.87,17041,1047
j6022_10,continuous,69.0,69.0,22.31,4805,8595
j6020_4,discrete,86.0,86.0,1.66,17865,931
j6020_4,continuous,86.0,86.0,0.09,4833,8662
j6037_2,discrete,68.0,68.0,2.28,15850,998
j6037_2,continuous,68.0,74.00000000000027,600.0,3659,6430
j6044_9,discrete,65.0,65.0,3.79,17358,1086
j6044_9,continuous,65.0,65.0,0.12,4305,7757
j6019_7,discrete,60.0,60.0,1.95,17018,1063
j6019_7,continuous,60.0,60.0,4.97,4871,8724
j6045_1,discrete,71.0,71.0,4.47,16285,958
j6045_1,continuous,71.0,114.0,600.01,4151,7471
j6045_1,discrete,71.0,71.0,4.47,16285,958
j6045_1,continuous,66.0,125.0,600.01,4027,7173
j6033_7,discrete,66.0,66.0,2.13,17992,1114
j6033_7,continuous,69.0,69.0,294.66,3969,7037
j6039_5,discrete,73.0,73.0,2.62,16489,1006
j6039_5,continuous,73.0,73.0,7.52,4129,7449
j6044_8,discrete,83.0,83.0,3.76,16580,950
j6044_8,continuous,83.0,83.0,0.13,4117,7428
j6040_10,discrete,73.0,73.0,2.25,15852,938
j6040_10,continuous,73.0,73.0,0.09,3937,7113
j603_4,discrete,81.0,81.0,1.81,18051,968
j603_4,continuous,81.0,81.0,0.61,4871,8702
j6012_6,discrete,54.0,54.0,2.6,17991,1108
j6012_6,continuous,54.0,54.0,0.16,5649,10071
j6040_9,discrete,90.0,90.0,3.98,17429,994
j6040_9,continuous,90.0,90.0,0.09,3493,6336
j6034_8,discrete,61.0,61.0,1.69,15153,958
j6034_8,continuous,63.0,63.0,2.72,4149,7448
j6014_8,discrete,88.0,88.0,3.58,14481,756
j6014_8,continuous,88.0,88.0,18.77,5221,9322
j6024_4,discrete,78.0,78.0,3.04,18862,1091
j6024_4,continuous,78.0,78.0,0.1,4665,8368
j6044_5,discrete,74.0,74.0,4.44,15850,970
j6044_5,continuous,74.0,74.0,0.11,3729,6749
j6025_9,discrete,69.0,69.0,3.26,14969,903
j6025_9,continuous,71.0,87.0,600.0,4375,7598
j6020_1,discrete,60.0,60.0,2.33,18538,1115
j6020_1,continuous,60.0,60.0,0.09,4713,8452
j6020_1,discrete,60.0,60.0,2.33,18538,1115
j6020_1,continuous,70.0,70.0,0.11,4619,8286
j6031_5,discrete,72.0,72.0,3.15,17462,963
j6031_5,continuous,72.0,72.0,3.17,4989,8935
j601_6,discrete,52.0,52.0,1.32,16095,988
j601_6,continuous,52.0,52.0,22.82,5469,9651
j6043_1,discrete,108.0,108.0,4.62,16751,878
j6043_1,continuous,108.0,108.0,4.82,3681,6665
j6043_1,discrete,108.0,108.0,4.62,16751,878
j6043_1,continuous,78.0,78.0,11.33,4117,7428
